Baseline,1.63112
Spice 1 thread,2.19346
Spice 2 threads,2.19208
Spice 4 threads,2.3384000000000005
Spice 8 threads,2.2303999999999995
Spice 16 threads,2.1970400000000003
Spice 32 threads,2.2499599999999997
